"gene_id","baseMean","log2FoldChange","lfcSE","stat","pvalue","padj"
"ENSRNOG00000058909",115.604803221892,2.14622312141419,0.335155154420302,6.40367033926835,1.51685446541312e-10,2.93556844691401e-06
