"gene_id","baseMean","log2FoldChange","lfcSE","stat","pvalue","padj"
"ENSRNOG00000049070",83.5208013826391,5.64682350467203,1.02746125398224,5.49589922032199,3.88724469570172e-08,0.00081659349322606
